strat,max,num workers,num req,dur,seed,avg wt,max wt,num failed
Random,0.0,100,700,100.0,20,0.3982703126898624,1.9533451272630535,700
Random,0.2,100,700,100.0,20,0.4182037972736714,2.009209257221064,376
Random,0.4,100,700,100.0,20,0.4672367517987151,1.975480311118448,240
Random,0.6000000000000001,100,700,100.0,20,0.5414263961324006,1.9173752220436646,166
Random,0.8,100,700,100.0,20,0.5959138028550348,1.8799035143049085,86
Random,1.0,100,700,100.0,20,0.691303659227716,1.7783624418326733,37
Random,1.2000000000000002,100,700,100.0,20,0.7815912856749856,1.4116164475027724,1
Random,1.4000000000000001,100,700,100.0,20,0.8692781272932163,1.399343617055339,0
