strat,max,num workers,num req,dur,seed,avg wt,max wt,num failed
Random,0.0,100,600,100.0,20,0.33360893287840193,1.623530932823749,600
Random,0.2,100,600,100.0,20,0.35090708437630286,1.5477987212410385,284
Random,0.4,100,600,100.0,20,0.4151591487838844,1.5657268462263845,160
Random,0.6000000000000001,100,600,100.0,20,0.4783341566082164,1.5875951239839583,97
Random,0.8,100,600,100.0,20,0.5617087041489558,1.3952949000161325,47
Random,1.0,100,600,100.0,20,0.6527939457476667,1.2732159816514788,5
Random,1.2000000000000002,100,600,100.0,20,0.7476904799036928,1.1995400045264222,0
Random,1.4000000000000001,100,600,100.0,20,0.853491531053318,1.399408669969429,0
