strat,max,num workers,num req,dur,seed,avg wt,max wt,num failed
Random,0.0,50,300,100.0,20,0.443926198204914,1.696201436831152,300
Random,0.2,50,300,100.0,20,0.46219415257103935,1.7309066111478648,185
Random,0.4,50,300,100.0,20,0.4931169747475379,1.6508691892372689,111
Random,0.6000000000000001,50,300,100.0,20,0.5726566327416346,1.5801494360693271,81
Random,0.8,50,300,100.0,20,0.6260866069981462,1.5088164762671865,48
Random,1.0,50,300,100.0,20,0.7139854424303264,1.578769027357636,27
Random,1.2000000000000002,50,300,100.0,20,0.7710584183683996,1.3332554842686242,3
Random,1.4000000000000001,50,300,100.0,20,0.8598001752974902,1.3988613150986082,0
