strat,max,num workers,num req,dur,seed,avg wt,max wt,num failed
Random,0.0,50,100,100.0,20,0.23625621871143815,1.0151356293750298,100
Random,0.2,50,100,100.0,20,0.24582355267427286,1.0151356293750298,46
Random,0.4,50,100,100.0,20,0.3243230616570497,1.1186031505016905,9
Random,0.6000000000000001,50,100,100.0,20,0.4329109610781863,1.066471773356499,4
Random,0.8,50,100,100.0,20,0.5408934245996363,1.0838664257303814,1
Random,1.0,50,100,100.0,20,0.6448066434991323,0.995048339556998,0
Random,1.2000000000000002,50,100,100.0,20,0.7029185685926336,1.1929358143920439,0
Random,1.4000000000000001,50,100,100.0,20,0.8023767830773356,1.3884890182882652,0
