strat,max,num workers,num req,dur,seed,avg wt,max wt,num failed
Random,0.0,50,200,100.0,20,0.3102307421716999,1.4307418182496556,200
Random,0.2,50,200,100.0,20,0.3104424804223781,1.4307418182496556,98
Random,0.4,50,200,100.0,20,0.36506234061625426,1.4307418182496556,43
Random,0.6000000000000001,50,200,100.0,20,0.450111914293494,1.3214125419937974,25
Random,0.8,50,200,100.0,20,0.5294124745169797,1.2658863688814543,7
Random,1.0,50,200,100.0,20,0.6188629620866233,1.2125944334686596,1
Random,1.2000000000000002,50,200,100.0,20,0.7485959874306022,1.199213931093551,0
Random,1.4000000000000001,50,200,100.0,20,0.8681039497990942,1.399597019141787,0
