strat,max,num workers,num req,dur,seed,avg wt,max wt,num failed
HighestRedundancy,0.0,100,1000,100.0,20,0.46156477354141084,2.0391877148319373,1000
HighestRedundancy,0.2,100,1000,100.0,20,0.4772975229078451,2.045417834709452,573
HighestRedundancy,0.4,100,1000,100.0,20,0.5205136033310557,2.0002477074811558,373
HighestRedundancy,0.6000000000000001,100,1000,100.0,20,0.5820181110621041,1.9959730232188995,248
HighestRedundancy,0.8,100,1000,100.0,20,0.6633691434196917,1.8855046139298544,103
HighestRedundancy,1.0,100,1000,100.0,20,0.7686437919376792,1.3184699973045462,6
HighestRedundancy,1.2000000000000002,100,1000,100.0,20,0.911823693329381,1.1994086539712603,0
HighestRedundancy,1.4000000000000001,100,1000,100.0,20,1.0699162507098527,1.3996565708071098,0
