strat,max,num workers,num req,dur,seed,avg wt,max wt,num failed
Random,0.0,50,900,100.0,20,0.6501805639737046,2.2837351653064935,900
Random,0.2,50,900,100.0,20,0.6567122760687585,2.2837351653064935,643
Random,0.4,50,900,100.0,20,0.692773717024413,2.248407895043177,496
Random,0.6000000000000001,50,900,100.0,20,0.7342886410998231,2.248407895043177,406
Random,0.8,50,900,100.0,20,0.792756586203572,2.170787145830649,318
Random,1.0,50,900,100.0,20,0.8478228124398264,2.256993505977267,227
Random,1.2000000000000002,50,900,100.0,20,0.8829316411456455,2.0779523721457003,98
Random,1.4000000000000001,50,900,100.0,20,0.9674355300531591,1.8238356964725184,14
