strat,max,num workers,num req,dur,seed,avg wt,max wt,num failed
HighestRedundancy,0.0,100,400,100.0,20,0.2492611172813289,1.382262759227809,400
HighestRedundancy,0.2,100,400,100.0,20,0.27520529884332107,1.3766711355560324,141
HighestRedundancy,0.4,100,400,100.0,20,0.3481309740109611,1.2336053329669439,57
HighestRedundancy,0.6000000000000001,100,400,100.0,20,0.45465086265095567,1.2867673924899625,24
HighestRedundancy,0.8,100,400,100.0,20,0.6028626739192657,0.7997380131067127,0
HighestRedundancy,1.0,100,400,100.0,20,0.7581061659352479,0.9996401826065601,0
HighestRedundancy,1.2000000000000002,100,400,100.0,20,0.8992409669888128,1.198976780055883,0
HighestRedundancy,1.4000000000000001,100,400,100.0,20,1.0227081003048069,1.3989559325984227,0
