strat,max,num workers,num req,dur,seed,avg wt,max wt,num failed
HighestRedundancy,0.0,100,300,100.0,20,0.22435209325759714,1.286505429308574,300
HighestRedundancy,0.2,100,300,100.0,20,0.24415362586738554,1.1872863528071365,92
HighestRedundancy,0.4,100,300,100.0,20,0.32811828677664445,1.183084142029537,33
HighestRedundancy,0.6000000000000001,100,300,100.0,20,0.4397393900756389,0.8090778737113221,2
HighestRedundancy,0.8,100,300,100.0,20,0.597434061046094,0.7993007555704063,0
HighestRedundancy,1.0,100,300,100.0,20,0.7461719497561562,0.999356717816367,0
HighestRedundancy,1.2000000000000002,100,300,100.0,20,0.879040719078003,1.1984581432764068,0
HighestRedundancy,1.4000000000000001,100,300,100.0,20,0.9974052365526062,1.3978891852953061,0
