strat,max,num workers,num req,dur,seed,avg wt,max wt,num failed
HighestRedundancy,0.0,50,400,100.0,20,0.4768844509305421,1.743567183289422,400
HighestRedundancy,0.2,50,400,100.0,20,0.4854872963807295,1.743567183289422,252
HighestRedundancy,0.4,50,400,100.0,20,0.527858588058719,1.6558148963270516,161
HighestRedundancy,0.6000000000000001,50,400,100.0,20,0.589474574060602,1.557261800370685,103
HighestRedundancy,0.8,50,400,100.0,20,0.6532063472626071,1.4973539421484594,56
HighestRedundancy,1.0,50,400,100.0,20,0.7510802957801727,1.2823293048010804,12
HighestRedundancy,1.2000000000000002,50,400,100.0,20,0.87547839607453,1.1996178911883169,0
HighestRedundancy,1.4000000000000001,50,400,100.0,20,1.0276784684222775,1.3989559325984227,0
