strat,max,num workers,num req,dur,seed,avg wt,max wt,num failed
HighestRedundancy,0.0,50,300,100.0,20,0.443926198204914,1.696201436831152,300
HighestRedundancy,0.2,50,300,100.0,20,0.45413823156017713,1.6375576563107508,183
HighestRedundancy,0.4,50,300,100.0,20,0.4862694608378569,1.6375576563107508,104
HighestRedundancy,0.6000000000000001,50,300,100.0,20,0.5437620581112983,1.4607211408045746,63
HighestRedundancy,0.8,50,300,100.0,20,0.6288877785525947,1.397384465396007,24
HighestRedundancy,1.0,50,300,100.0,20,0.7348971102342149,0.9994308351288496,0
HighestRedundancy,1.2000000000000002,50,300,100.0,20,0.8693465951827345,1.198939439390077,0
HighestRedundancy,1.4000000000000001,50,300,100.0,20,1.0059930058713575,1.3989559325984227,0
