strat,max,num workers,num req,dur,seed,avg wt,max wt,num failed
HighestRedundancy,0.0,150,1000,100.0,20,0.3170934510443709,1.8931843143175693,1000
HighestRedundancy,0.2,150,1000,100.0,20,0.34089731856356564,1.8877622405461998,424
HighestRedundancy,0.4,150,1000,100.0,20,0.4140872625108382,1.88140965357058,232
HighestRedundancy,0.6000000000000001,150,1000,100.0,20,0.4979673463467529,1.8324494444481325,112
HighestRedundancy,0.8,150,1000,100.0,20,0.6119090545254793,1.3286266515334457,8
HighestRedundancy,1.0,150,1000,100.0,20,0.7608774586187171,0.999588993678998,0
HighestRedundancy,1.2000000000000002,150,1000,100.0,20,0.9091837589465047,1.1999194177991657,0
HighestRedundancy,1.4000000000000001,150,1000,100.0,20,1.0615292037835375,1.399979370176369,0
