strat,max,num workers,num req,dur,seed,avg wt,max wt,num failed
Random,0.0,150,800,100.0,20,0.28957861637694227,1.802614184894236,800
Random,0.2,150,800,100.0,20,0.3187231188527305,1.7966932248951628,327
Random,0.4,150,800,100.0,20,0.3834203454782035,1.8182878345446958,193
Random,0.6000000000000001,150,800,100.0,20,0.4643528379669587,1.7918175910065686,112
Random,0.8,150,800,100.0,20,0.5462626133684904,1.6331674581876476,39
Random,1.0,150,800,100.0,20,0.6485608707340255,1.4006613011691733,5
Random,1.2000000000000002,150,800,100.0,20,0.755586645928494,1.1973766980477414,0
Random,1.4000000000000001,150,800,100.0,20,0.8510778842357781,1.3987724936668289,0
