strat,max,num workers,num req,dur,seed,avg wt,max wt,num failed
HighestRedundancy,0.0,100,100,100.0,20,0.12712832105032182,0.31865034855772945,100
HighestRedundancy,0.2,100,100,100.0,20,0.1537197468629679,0.3580291761874063,11
HighestRedundancy,0.4,100,100,100.0,20,0.28110217824124917,0.3986329450844282,0
HighestRedundancy,0.6000000000000001,100,100,100.0,20,0.41568376061583284,0.5931223652757892,0
HighestRedundancy,0.8,100,100,100.0,20,0.5537809050571884,0.799251925486506,0
HighestRedundancy,1.0,100,100,100.0,20,0.6693268290916515,0.995048339556998,0
HighestRedundancy,1.2000000000000002,100,100,100.0,20,0.7771691189905723,1.1962346528612002,0
HighestRedundancy,1.4000000000000001,100,100,100.0,20,0.9005829200188952,1.3981818065291862,0
