strat,max,num workers,num req,dur,seed,avg wt,max wt,num failed
Random,0.0,50,700,100.0,20,0.629229934948393,2.102369799595821,700
Random,0.2,50,700,100.0,20,0.6420613320674731,2.102369799595821,507
Random,0.4,50,700,100.0,20,0.6590403890585705,2.102369799595821,371
Random,0.6000000000000001,50,700,100.0,20,0.7065196575193212,2.198864909467749,299
Random,0.8,50,700,100.0,20,0.748846557517758,2.1159029087336174,218
Random,1.0,50,700,100.0,20,0.8144704299312412,2.2465867403903848,147
Random,1.2000000000000002,50,700,100.0,20,0.8667013621443849,1.9326576151832078,63
Random,1.4000000000000001,50,700,100.0,20,0.9263447310917047,1.9574096113330988,7
