strat,max,num workers,num req,dur,seed,avg wt,max wt,num failed
Random,0.0,200,400,100.0,20,0.1273943885624523,0.8440720955907824,400
Random,0.2,200,400,100.0,20,0.16960928556419635,0.8023956112616794,54
Random,0.4,200,400,100.0,20,0.272604348248241,0.7164476371948428,12
Random,0.6000000000000001,200,400,100.0,20,0.38824874233304507,0.5987755143120185,0
Random,0.8,200,400,100.0,20,0.4902583320516756,0.79812964892887,0
Random,1.0,200,400,100.0,20,0.6165389940587127,0.9972728308744171,0
Random,1.2000000000000002,200,400,100.0,20,0.6892074987525363,1.199492867712861,0
Random,1.4000000000000001,200,400,100.0,20,0.849314825813888,1.398338440719742,0
