strat,max,num workers,num req,dur,seed,avg wt,max wt,num failed
HighestRedundancy,0.0,200,700,100.0,20,0.1880422096790437,1.567365637349623,700
HighestRedundancy,0.2,200,700,100.0,20,0.22558218107784322,1.5956804396420603,155
HighestRedundancy,0.4,200,700,100.0,20,0.3198840378332836,1.4448807748871488,51
HighestRedundancy,0.6000000000000001,200,700,100.0,20,0.44724457721585087,0.5997493013347075,0
HighestRedundancy,0.8,200,700,100.0,20,0.616073598437059,0.7998766779239808,0
HighestRedundancy,1.0,200,700,100.0,20,0.7560958776297827,0.9998563952017657,0
HighestRedundancy,1.2000000000000002,200,700,100.0,20,0.8879870098421606,1.1998808108300472,0
HighestRedundancy,1.4000000000000001,200,700,100.0,20,1.0382929038509119,1.399408669969429,0
