strat,max,num workers,num req,dur,seed,avg wt,max wt,num failed
HighestRedundancy,0.0,200,900,100.0,20,0.20473335677583468,1.728219302485312,900
HighestRedundancy,0.2,200,900,100.0,20,0.24270055902676385,1.7226775534324736,230
HighestRedundancy,0.4,200,900,100.0,20,0.3333184043088524,1.608222442903119,92
HighestRedundancy,0.6000000000000001,200,900,100.0,20,0.4574059549595274,0.5999574802423319,0
HighestRedundancy,0.8,200,900,100.0,20,0.6041505836008381,0.7997380131067127,0
HighestRedundancy,1.0,200,900,100.0,20,0.7641886195979273,0.9998846193741942,0
HighestRedundancy,1.2000000000000002,200,900,100.0,20,0.9037768462711718,1.1998808108300472,0
HighestRedundancy,1.4000000000000001,200,900,100.0,20,1.0477218608322212,1.3997627957786323,0
