strat,max,num workers,num req,dur,seed,avg wt,max wt,num failed
HighestRedundancy,0.0,150,900,100.0,20,0.2943702274115179,1.8493039407022898,900
HighestRedundancy,0.2,150,900,100.0,20,0.3211919606627669,1.8650769505513523,348
HighestRedundancy,0.4,150,900,100.0,20,0.3973875105617675,1.8139563733523338,198
HighestRedundancy,0.6000000000000001,150,900,100.0,20,0.48534181778879554,1.7473749955243654,77
HighestRedundancy,0.8,150,900,100.0,20,0.6003574896036173,0.9875548487865872,1
HighestRedundancy,1.0,150,900,100.0,20,0.7603464225633099,0.9994308351288496,0
HighestRedundancy,1.2000000000000002,150,900,100.0,20,0.8967223792291076,1.1997305686608333,0
HighestRedundancy,1.4000000000000001,150,900,100.0,20,1.05997674727892,1.3993583547106625,0
