strat,max,num workers,num req,dur,seed,avg wt,max wt,num failed
Random,0.0,150,100,100.0,20,0.09834998940332225,0.31865034855772945,100
Random,0.2,150,100,100.0,20,0.13495742462463822,0.31865034855772945,4
Random,0.4,150,100,100.0,20,0.2790501622798787,0.3971155578384447,0
Random,0.6000000000000001,150,100,100.0,20,0.3933367212558717,0.5947585365391831,0
Random,0.8,150,100,100.0,20,0.5365585616172287,0.7976805402982713,0
Random,1.0,150,100,100.0,20,0.6267725598569047,0.9980861193375592,0
Random,1.2000000000000002,150,100,100.0,20,0.7391086220509048,1.1981324572961363,0
Random,1.4000000000000001,150,100,100.0,20,0.7680266378260703,1.3847631134980685,0
