strat,max,num workers,num req,dur,seed,avg wt,max wt,num failed
Random,0.0,150,600,100.0,20,0.2190488845306537,1.4243890184046386,600
Random,0.2,150,600,100.0,20,0.24744078585885237,1.4243890184046386,184
Random,0.4,150,600,100.0,20,0.3240704387471381,1.3292779358514315,78
Random,0.6000000000000001,150,600,100.0,20,0.429288286784433,1.3266525033966008,37
Random,0.8,150,600,100.0,20,0.5119456182703276,1.1325139623959921,3
Random,1.0,150,600,100.0,20,0.6287330458670385,0.9990877490555597,0
Random,1.2000000000000002,150,600,100.0,20,0.7206522148569179,1.1986254564638466,0
Random,1.4000000000000001,150,600,100.0,20,0.8289446474371299,1.3952716428372292,0
