strat,max,num workers,num req,dur,seed,avg wt,max wt,num failed
Random,0.0,150,700,100.0,20,0.25764158687903266,1.7931044190623004,700
Random,0.2,150,700,100.0,20,0.28202903281320896,1.78588428786962,248
Random,0.4,150,700,100.0,20,0.3587948263989992,1.7473749955243654,145
Random,0.6000000000000001,150,700,100.0,20,0.44819716888253447,1.7837549009323599,65
Random,0.8,150,700,100.0,20,0.552710285049702,1.6331674581876476,20
Random,1.0,150,700,100.0,20,0.630917048063165,1.004562655793106,1
Random,1.2000000000000002,150,700,100.0,20,0.7472884595217002,1.1988555295233871,0
Random,1.4000000000000001,150,700,100.0,20,0.8161899822765339,1.3987502493494839,0
