strat,max,num workers,num req,dur,seed,avg wt,max wt,num failed
Random,0.0,50,1000,100.0,20,0.6838276174293789,2.2837351653064935,1000
Random,0.2,50,1000,100.0,20,0.688461191244201,2.298618766370962,739
Random,0.4,50,1000,100.0,20,0.7194019160387068,2.2483999992310593,572
Random,0.6000000000000001,50,1000,100.0,20,0.7609892865218814,2.2386165396231004,472
Random,0.8,50,1000,100.0,20,0.8126230683351204,2.297312460949379,375
Random,1.0,50,1000,100.0,20,0.8552164333498057,2.2703732720028906,258
Random,1.2000000000000002,50,1000,100.0,20,0.9193825718898647,2.081075348732836,126
Random,1.4000000000000001,50,1000,100.0,20,0.9843140406086682,1.9372969489168717,37
