strat,max,num workers,num req,dur,seed,avg wt,max wt,num failed
HighestRedundancy,0.0,50,700,100.0,20,0.629229934948393,2.102369799595821,700
HighestRedundancy,0.2,50,700,100.0,20,0.6381065120986038,2.186051016269031,501
HighestRedundancy,0.4,50,700,100.0,20,0.6654518302623245,2.219768893318436,368
HighestRedundancy,0.6000000000000001,50,700,100.0,20,0.6989239698721288,2.071336789543492,282
HighestRedundancy,0.8,50,700,100.0,20,0.7455168781044308,2.088729429623546,188
HighestRedundancy,1.0,50,700,100.0,20,0.8124554908368775,1.940083477968159,83
HighestRedundancy,1.2000000000000002,50,700,100.0,20,0.8792727215185198,1.464375501058369,9
HighestRedundancy,1.4000000000000001,50,700,100.0,20,1.0559960809000921,1.3989245028867765,0
