strat,max,num workers,num req,dur,seed,avg wt,max wt,num failed
Random,0.0,100,100,100.0,20,0.12712832105032182,0.31865034855772945,100
Random,0.2,100,100,100.0,20,0.14952238055243836,0.3580291761874063,12
Random,0.4,100,100,100.0,20,0.2771899746011895,0.3994289881947135,0
Random,0.6000000000000001,100,100,100.0,20,0.36989209796371986,0.5959804297064302,0
Random,0.8,100,100,100.0,20,0.5031549183807189,0.790774272517819,0
Random,1.0,100,100,100.0,20,0.579486534504235,0.9939220812512463,0
Random,1.2000000000000002,100,100,100.0,20,0.7668539847778004,1.1986396218344604,0
Random,1.4000000000000001,100,100,100.0,20,0.7773225770597624,1.3578381187378703,0
