strat,max,num workers,num req,dur,seed,avg wt,max wt,num failed
HighestRedundancy,0.0,200,200,100.0,20,0.09233243444702996,0.3573026129960666,200
HighestRedundancy,0.2,200,200,100.0,20,0.14005387518711823,0.32152078676789964,5
HighestRedundancy,0.4,200,200,100.0,20,0.28567941814147363,0.3998470524839071,0
HighestRedundancy,0.6000000000000001,200,200,100.0,20,0.436965865459422,0.5999718624834374,0
HighestRedundancy,0.8,200,200,100.0,20,0.575087684136155,0.7973450342734438,0
HighestRedundancy,1.0,200,200,100.0,20,0.6881326830881007,0.9959987960046761,0
HighestRedundancy,1.2000000000000002,200,200,100.0,20,0.8431306086347149,1.1966748757175707,0
HighestRedundancy,1.4000000000000001,200,200,100.0,20,0.9002468402036817,1.3943077444959269,0
