strat,max,num workers,num req,dur,seed,avg wt,max wt,num failed
HighestRedundancy,0.0,100,700,100.0,20,0.3982703126898624,1.9533451272630535,700
HighestRedundancy,0.2,100,700,100.0,20,0.4161713605150422,1.9533451272630535,369
HighestRedundancy,0.4,100,700,100.0,20,0.461921894010623,1.9460923063377489,220
HighestRedundancy,0.6000000000000001,100,700,100.0,20,0.5407614198933356,1.8216214790128666,131
HighestRedundancy,0.8,100,700,100.0,20,0.6162001121767102,1.3914187317215663,22
HighestRedundancy,1.0,100,700,100.0,20,0.7559351891544546,0.9997564684511632,0
HighestRedundancy,1.2000000000000002,100,700,100.0,20,0.8899126711061635,1.1998462573510544,0
HighestRedundancy,1.4000000000000001,100,700,100.0,20,1.0233532259173452,1.3998126778054554,0
