strat,max,num workers,num req,dur,seed,avg wt,max wt,num failed
Random,0.0,100,1000,100.0,20,0.46156477354141084,2.0391877148319373,1000
Random,0.2,100,1000,100.0,20,0.4760316369114265,2.0522048588921726,584
Random,0.4,100,1000,100.0,20,0.5240453554495592,2.0294484445210563,398
Random,0.6000000000000001,100,1000,100.0,20,0.5902875842021983,2.0015493555411985,292
Random,0.8,100,1000,100.0,20,0.665751409652157,1.9533451272630535,206
Random,1.0,100,1000,100.0,20,0.7395042628946235,1.9574096113330988,98
Random,1.2000000000000002,100,1000,100.0,20,0.8086976555131475,1.696000404964316,22
Random,1.4000000000000001,100,1000,100.0,20,0.894793481987644,1.3999362133656204,0
