strat,max,num workers,num req,dur,seed,avg wt,max wt,num failed
Random,0.0,200,1000,100.0,20,0.2183421162071887,1.728219302485312,1000
Random,0.2,200,1000,100.0,20,0.261400682942371,1.7286638274310184,324
Random,0.4,200,1000,100.0,20,0.33051446946244417,1.7232508648967317,146
Random,0.6000000000000001,200,1000,100.0,20,0.4354193385450663,1.7232508648967317,85
Random,0.8,200,1000,100.0,20,0.5311750100953151,1.6331674581876476,19
Random,1.0,200,1000,100.0,20,0.6366873804310197,0.9998749764960525,0
Random,1.2000000000000002,200,1000,100.0,20,0.7458059186659679,1.1998868660928266,0
Random,1.4000000000000001,200,1000,100.0,20,0.8554714707509634,1.3993791553574766,0
