strat,max,num workers,num req,dur,seed,avg wt,max wt,num failed
HighestRedundancy,0.0,50,100,100.0,20,0.23625621871143815,1.0151356293750298,100
HighestRedundancy,0.2,50,100,100.0,20,0.24422812750898898,1.0151356293750298,41
HighestRedundancy,0.4,50,100,100.0,20,0.3149683484798287,1.105211907067097,10
HighestRedundancy,0.6000000000000001,50,100,100.0,20,0.41710764563925357,0.5979755789914791,0
HighestRedundancy,0.8,50,100,100.0,20,0.5551982256524511,0.790167927442051,0
HighestRedundancy,1.0,50,100,100.0,20,0.7078669787770057,0.999626447377177,0
HighestRedundancy,1.2000000000000002,50,100,100.0,20,0.8300427100061727,1.197070688618994,0
HighestRedundancy,1.4000000000000001,50,100,100.0,20,0.9422631431666517,1.395767757622183,0
