strat,max,num workers,num req,dur,seed,avg wt,max wt,num failed
HighestRedundancy,0.0,50,200,100.0,20,0.3102307421716999,1.4307418182496556,200
HighestRedundancy,0.2,50,200,100.0,20,0.3098336600856831,1.4307418182496556,96
HighestRedundancy,0.4,50,200,100.0,20,0.3647315993881934,1.3614422119937568,43
HighestRedundancy,0.6000000000000001,50,200,100.0,20,0.47169883524377737,1.2927148669986743,17
HighestRedundancy,0.8,50,200,100.0,20,0.5705479920714538,0.7976627825299168,0
HighestRedundancy,1.0,50,200,100.0,20,0.7032871617335374,0.9981193936807007,0
HighestRedundancy,1.2000000000000002,50,200,100.0,20,0.8822946035495146,1.197070688618994,0
HighestRedundancy,1.4000000000000001,50,200,100.0,20,0.9721924298156103,1.397765925913863,0
