strat,max,num workers,num req,dur,seed,avg wt,max wt,num failed
Random,0.0,100,400,100.0,20,0.2492611172813289,1.382262759227809,400
Random,0.2,100,400,100.0,20,0.27007827001452256,1.397384465396007,147
Random,0.4,100,400,100.0,20,0.3428607845672635,1.3432861542831742,71
Random,0.6000000000000001,100,400,100.0,20,0.44606017416504784,1.3075053135510513,37
Random,0.8,100,400,100.0,20,0.5407483980554958,1.1893225836961308,19
Random,1.0,100,400,100.0,20,0.6369098497843535,1.260567355574861,4
Random,1.2000000000000002,100,400,100.0,20,0.7477590162681796,1.1943164014246683,0
Random,1.4000000000000001,100,400,100.0,20,0.8360512616246697,1.399068171214068,0
