strat,max,num workers,num req,dur,seed,avg wt,max wt,num failed
HighestRedundancy,0.0,100,200,100.0,20,0.1509225118136119,0.9222068655025024,200
HighestRedundancy,0.2,100,200,100.0,20,0.1770950372583949,0.829524153037631,46
HighestRedundancy,0.4,100,200,100.0,20,0.27945698673536673,0.6741937078201373,1
HighestRedundancy,0.6000000000000001,100,200,100.0,20,0.4211348179838755,0.599479244403948,0
HighestRedundancy,0.8,100,200,100.0,20,0.5610015285978418,0.799251925486506,0
HighestRedundancy,1.0,100,200,100.0,20,0.70020475151725,0.9996769790638362,0
HighestRedundancy,1.2000000000000002,100,200,100.0,20,0.857531899669869,1.198078299246802,0
HighestRedundancy,1.4000000000000001,100,200,100.0,20,0.9501053118950276,1.3958337875173283,0
