strat,max,num workers,num req,dur,seed,avg wt,max wt,num failed
Random,0.0,200,200,100.0,20,0.09233243444702996,0.3573026129960666,200
Random,0.2,200,200,100.0,20,0.13697800252921774,0.27629976849368537,8
Random,0.4,200,200,100.0,20,0.2569744208427108,0.39973572106993616,0
Random,0.6000000000000001,200,200,100.0,20,0.37887302716128674,0.5974356267414711,0
Random,0.8,200,200,100.0,20,0.48671557046681035,0.7918295160460499,0
Random,1.0,200,200,100.0,20,0.6187234045017551,0.9996133625457541,0
Random,1.2000000000000002,200,200,100.0,20,0.7007959586310726,1.1924832890740127,0
Random,1.4000000000000001,200,200,100.0,20,0.8540967336165312,1.3979187868209917,0
