strat,max,num workers,num req,dur,seed,avg wt,max wt,num failed
Random,0.0,200,300,100.0,20,0.11148785077262581,0.6379347130629244,300
Random,0.2,200,300,100.0,20,0.15706594564089682,0.6691875957332122,37
Random,0.4,200,300,100.0,20,0.272380148757622,0.683416073404893,6
Random,0.6000000000000001,200,300,100.0,20,0.38220924843202925,0.5987741549048161,0
Random,0.8,200,300,100.0,20,0.510173281352201,0.7992745719468015,0
Random,1.0,200,300,100.0,20,0.6110502576306501,0.9969461184261321,0
Random,1.2000000000000002,200,300,100.0,20,0.7239332359114253,1.1979608550042231,0
Random,1.4000000000000001,200,300,100.0,20,0.8364255143617625,1.3984079323823635,0
