strat,max,num workers,num req,dur,seed,avg wt,max wt,num failed
Random,0.0,200,600,100.0,20,0.1593354641924849,1.2650868590399835,600
Random,0.2,200,600,100.0,20,0.19601738984396638,1.1622376531958225,122
Random,0.4,200,600,100.0,20,0.2875524765039687,1.0994818729032207,44
Random,0.6000000000000001,200,600,100.0,20,0.4062537969878518,0.9520240878060954,11
Random,0.8,200,600,100.0,20,0.49620395273791057,0.7998798402556835,0
Random,1.0,200,600,100.0,20,0.6272018983241435,0.9998961903699335,0
Random,1.2000000000000002,200,600,100.0,20,0.700578690183864,1.1994899617811408,0
Random,1.4000000000000001,200,600,100.0,20,0.8265514688901936,1.39914456058173,0
