strat,max,num workers,num req,dur,seed,avg wt,max wt,num failed
HighestRedundancy,0.0,100,500,100.0,20,0.31225022957847,1.4473871176113084,500
HighestRedundancy,0.2,100,500,100.0,20,0.32915543470602493,1.3978932219419533,217
HighestRedundancy,0.4,100,500,100.0,20,0.3914025930498203,1.406230293447731,107
HighestRedundancy,0.6000000000000001,100,500,100.0,20,0.4776605189763438,1.205768843629961,44
HighestRedundancy,0.8,100,500,100.0,20,0.590634932979224,0.7998616989335413,0
HighestRedundancy,1.0,100,500,100.0,20,0.7693233979191428,0.9995999949085372,0
HighestRedundancy,1.2000000000000002,100,500,100.0,20,0.8792536220244556,1.198976780055883,0
HighestRedundancy,1.4000000000000001,100,500,100.0,20,1.0129928381981013,1.3989559325984227,0
