strat,max,num workers,num req,dur,seed,avg wt,max wt,num failed
Random,0.0,50,800,100.0,20,0.6561259704966851,2.248407895043177,800
Random,0.2,50,800,100.0,20,0.6671006612396044,2.2667791388906884,576
Random,0.4,50,800,100.0,20,0.6901057288778343,2.2837351653064935,443
Random,0.6000000000000001,50,800,100.0,20,0.7373835667319326,2.1527865116558806,368
Random,0.8,50,800,100.0,20,0.786652613876015,2.170787145830649,288
Random,1.0,50,800,100.0,20,0.8298747021194077,2.204021341991507,183
Random,1.2000000000000002,50,800,100.0,20,0.8859825572081722,2.092697670165791,88
Random,1.4000000000000001,50,800,100.0,20,0.9834053458138164,1.7651528001806545,20
