strat,max,num workers,num req,dur,seed,avg wt,max wt,num failed
Random,0.0,100,200,100.0,20,0.1509225118136119,0.9222068655025024,200
Random,0.2,100,200,100.0,20,0.17800138214242028,0.9605568648878082,46
Random,0.4,100,200,100.0,20,0.27189356202678505,0.989119045291301,4
Random,0.6000000000000001,100,200,100.0,20,0.4050418655510152,0.8200787689646055,1
Random,0.8,100,200,100.0,20,0.48697510255927007,0.7969502830394872,0
Random,1.0,100,200,100.0,20,0.6262966559203662,0.9958563609400246,0
Random,1.2000000000000002,100,200,100.0,20,0.7198977746365965,1.1991614412988623,0
Random,1.4000000000000001,100,200,100.0,20,0.8264228170489568,1.39755240406853,0
