strat,max,num workers,num req,dur,seed,avg wt,max wt,num failed
Random,0.0,100,300,100.0,20,0.22435209325759714,1.286505429308574,300
Random,0.2,100,300,100.0,20,0.24937528127700512,1.246290223474379,98
Random,0.4,100,300,100.0,20,0.32470037629089227,1.1832557752940212,42
Random,0.6000000000000001,100,300,100.0,20,0.42397765018058936,1.240563656229127,23
Random,0.8,100,300,100.0,20,0.5170193800066016,0.989119045291301,3
Random,1.0,100,300,100.0,20,0.6266739684221377,0.9940853237188845,0
Random,1.2000000000000002,100,300,100.0,20,0.728259121566343,1.1985738855129546,0
Random,1.4000000000000001,100,300,100.0,20,0.7971616884687105,1.3894661353257924,0
