strat,max,num workers,num req,dur,seed,avg wt,max wt,num failed
HighestRedundancy,0.0,50,1000,100.0,20,0.6838276174293789,2.2837351653064935,1000
HighestRedundancy,0.2,50,1000,100.0,20,0.6952749390863934,2.3800980794752626,742
HighestRedundancy,0.4,50,1000,100.0,20,0.7062563604638474,2.2837351653064935,548
HighestRedundancy,0.6000000000000001,50,1000,100.0,20,0.7592900281137952,2.248407895043177,449
HighestRedundancy,0.8,50,1000,100.0,20,0.8227887424376552,2.2312375653929286,356
HighestRedundancy,1.0,50,1000,100.0,20,0.8702024179854522,2.2703732720028906,227
HighestRedundancy,1.2000000000000002,50,1000,100.0,20,0.9489599717902502,1.9640692418607126,80
HighestRedundancy,1.4000000000000001,50,1000,100.0,20,1.0477613032049253,1.5285361287805996,2
