strat,max,num workers,num req,dur,seed,avg wt,max wt,num failed
Random,0.0,150,300,100.0,20,0.15259137724239294,0.8393495927528556,300
Random,0.2,150,300,100.0,20,0.19338215841628328,0.8577122206013358,62
Random,0.4,150,300,100.0,20,0.27732683731610636,0.8574367982309298,17
Random,0.6000000000000001,150,300,100.0,20,0.39322223399144296,0.7583510091461843,1
Random,0.8,150,300,100.0,20,0.5069738638985247,0.7996088312068805,0
Random,1.0,150,300,100.0,20,0.6298185905383584,0.9994308351288496,0
Random,1.2000000000000002,150,300,100.0,20,0.6959060461975886,1.197877892111093,0
Random,1.4000000000000001,150,300,100.0,20,0.8087422150222284,1.3961710333612205,0
