strat,max,num workers,num req,dur,seed,avg wt,max wt,num failed
Random,0.0,150,200,100.0,20,0.10806025231501926,0.3870518039479281,200
Random,0.2,150,200,100.0,20,0.14379281177841413,0.3807506171709251,16
Random,0.4,150,200,100.0,20,0.2588418617208269,0.39973572106993616,0
Random,0.6000000000000001,150,200,100.0,20,0.3789070454642948,0.5981600172474123,0
Random,0.8,150,200,100.0,20,0.5082714255299202,0.799963934342196,0
Random,1.0,150,200,100.0,20,0.5913182642009095,0.9995864046061498,0
Random,1.2000000000000002,150,200,100.0,20,0.7598624925756959,1.1981432534384628,0
Random,1.4000000000000001,150,200,100.0,20,0.7719240920587452,1.3914258722378545,0
