strat,max,num workers,num req,dur,seed,avg wt,max wt,num failed
Random,0.0,200,800,100.0,20,0.19971299980990942,1.6613229568444132,800
Random,0.2,200,800,100.0,20,0.233274608216758,1.605184260451683,228
Random,0.4,200,800,100.0,20,0.32078895052666007,1.567365637349623,100
Random,0.6000000000000001,200,800,100.0,20,0.4258422511545782,1.6280087374648975,49
Random,0.8,200,800,100.0,20,0.5305960987036314,1.4006613011691733,8
Random,1.0,200,800,100.0,20,0.6160259721966811,0.999868617641233,0
Random,1.2000000000000002,200,800,100.0,20,0.7379243786048083,1.1990715939834502,0
Random,1.4000000000000001,200,800,100.0,20,0.8495982816457789,1.399018200941271,0
