strat,max,num workers,num req,dur,seed,avg wt,max wt,num failed
Random,0.0,150,1000,100.0,20,0.3170934510443709,1.8931843143175693,1000
Random,0.2,150,1000,100.0,20,0.3427211701571249,1.8931843143175693,438
Random,0.4,150,1000,100.0,20,0.40481428702458344,1.8493039407022898,253
Random,0.6000000000000001,150,1000,100.0,20,0.49589793158077744,1.9460923063377489,166
Random,0.8,150,1000,100.0,20,0.5814041815353094,1.8291422382751015,88
Random,1.0,150,1000,100.0,20,0.6786930798153025,1.650217904326898,29
Random,1.2000000000000002,150,1000,100.0,20,0.7527441257114834,1.1994236537101524,0
Random,1.4000000000000001,150,1000,100.0,20,0.8621778380725359,1.3991615163680517,0
