strat,max,num workers,num req,dur,seed,avg wt,max wt,num failed
Random,0.0,150,500,100.0,20,0.20203264908638996,1.2650868590399835,500
Random,0.2,150,500,100.0,20,0.230288771951334,1.2650868590399835,141
Random,0.4,150,500,100.0,20,0.3179499989613997,1.205768843629961,56
Random,0.6000000000000001,150,500,100.0,20,0.4228523794903683,1.2609894830910233,29
Random,0.8,150,500,100.0,20,0.5085046260136737,1.1872057665378173,7
Random,1.0,150,500,100.0,20,0.621419539493647,0.9984146739230797,0
Random,1.2000000000000002,150,500,100.0,20,0.7192025493739955,1.1956806341835804,0
Random,1.4000000000000001,150,500,100.0,20,0.8226907163353289,1.3994453479898272,0
