strat,max,num workers,num req,dur,seed,avg wt,max wt,num failed
HighestRedundancy,0.0,100,600,100.0,20,0.33360893287840193,1.623530932823749,600
HighestRedundancy,0.2,100,600,100.0,20,0.35455414169820965,1.5764875854321274,278
HighestRedundancy,0.4,100,600,100.0,20,0.414520750702535,1.5326135343339584,149
HighestRedundancy,0.6000000000000001,100,600,100.0,20,0.49616900785131834,1.4243890184046386,71
HighestRedundancy,0.8,100,600,100.0,20,0.6055573971153803,1.1288332424958654,2
HighestRedundancy,1.0,100,600,100.0,20,0.759956754299559,0.9994308351288496,0
HighestRedundancy,1.2000000000000002,100,600,100.0,20,0.8725468380034014,1.1998733986198151,0
HighestRedundancy,1.4000000000000001,100,600,100.0,20,1.02769400999691,1.3997116415329722,0
