strat,max,num workers,num req,dur,seed,avg wt,max wt,num failed
Random,0.0,100,900,100.0,20,0.43599783165263706,2.004065631626856,900
Random,0.2,100,900,100.0,20,0.45466322750679083,2.006128526941365,495
Random,0.4,100,900,100.0,20,0.49652910223031577,2.004065631626856,333
Random,0.6000000000000001,100,900,100.0,20,0.571318420094091,2.0002477074811558,240
Random,0.8,100,900,100.0,20,0.6305500434418798,2.009209257221064,145
Random,1.0,100,900,100.0,20,0.7107156980608768,1.5787973348059765,61
Random,1.2000000000000002,100,900,100.0,20,0.7913664207996226,1.550244062742496,9
Random,1.4000000000000001,100,900,100.0,20,0.8935556050732966,1.3995557096683104,0
