strat,max,num workers,num req,dur,seed,avg wt,max wt,num failed
Random,0.0,200,100,100.0,20,0.0879250314335104,0.3045506698197832,100
Random,0.2,200,100,100.0,20,0.13428515901684945,0.2489757985843742,1
Random,0.4,200,100,100.0,20,0.2603468899360659,0.3983380091582042,0
Random,0.6000000000000001,200,100,100.0,20,0.3793888822410981,0.5990303181082501,0
Random,0.8,200,100,100.0,20,0.5094728516262675,0.7986685577536238,0
Random,1.0,200,100,100.0,20,0.5801480473208741,0.9951238516074024,0
Random,1.2000000000000002,200,100,100.0,20,0.7137625592151476,1.1962719196300213,0
Random,1.4000000000000001,200,100,100.0,20,0.8403813003169567,1.3957984534171155,0
