strat,max,num workers,num req,dur,seed,avg wt,max wt,num failed
HighestRedundancy,0.0,100,900,100.0,20,0.43599783165263706,2.004065631626856,900
HighestRedundancy,0.2,100,900,100.0,20,0.4489241759289546,2.0015493555411985,482
HighestRedundancy,0.4,100,900,100.0,20,0.5017073319370756,2.0002477074811558,322
HighestRedundancy,0.6000000000000001,100,900,100.0,20,0.5620775123015547,1.9301584670904026,200
HighestRedundancy,0.8,100,900,100.0,20,0.6323161446543366,1.8260393396380552,55
HighestRedundancy,1.0,100,900,100.0,20,0.7608514958683263,1.3184699973045462,2
HighestRedundancy,1.2000000000000002,100,900,100.0,20,0.8974327234600695,1.1988454094685974,0
HighestRedundancy,1.4000000000000001,100,900,100.0,20,1.0587079226777985,1.399395703895554,0
