strat,max,num workers,num req,dur,seed,avg wt,max wt,num failed
HighestRedundancy,0.0,150,700,100.0,20,0.25764158687903266,1.7931044190623004,700
HighestRedundancy,0.2,150,700,100.0,20,0.2869350461895047,1.78588428786962,244
HighestRedundancy,0.4,150,700,100.0,20,0.36458919083126995,1.7356579147437945,121
HighestRedundancy,0.6000000000000001,150,700,100.0,20,0.4583749400335034,1.554695350046358,22
HighestRedundancy,0.8,150,700,100.0,20,0.6116278259174338,0.7997380131067127,0
HighestRedundancy,1.0,150,700,100.0,20,0.7605533820763255,0.9997401956837468,0
HighestRedundancy,1.2000000000000002,150,700,100.0,20,0.8882846469394927,1.1990452332040376,0
HighestRedundancy,1.4000000000000001,150,700,100.0,20,1.0421094336671146,1.3997627957786323,0
