strat,max,num workers,num req,dur,seed,avg wt,max wt,num failed
Random,0.0,150,400,100.0,20,0.17786579720103984,1.104178598408846,400
Random,0.2,150,400,100.0,20,0.2099669115786428,1.1531800947578068,88
Random,0.4,150,400,100.0,20,0.30271744782731924,1.029235272878408,35
Random,0.6000000000000001,150,400,100.0,20,0.4068685091872109,0.9793419096793466,7
Random,0.8,150,400,100.0,20,0.5082060011791046,0.7997941178267486,0
Random,1.0,150,400,100.0,20,0.5930398059024802,0.9999843806032432,0
Random,1.2000000000000002,150,400,100.0,20,0.7370988925675035,1.19614697576382,0
Random,1.4000000000000001,150,400,100.0,20,0.8484789392601811,1.396214140119741,0
