strat,max,num workers,num req,dur,seed,avg wt,max wt,num failed
Random,0.0,150,900,100.0,20,0.2943702274115179,1.8493039407022898,900
Random,0.2,150,900,100.0,20,0.3253840907426944,1.88140965357058,367
Random,0.4,150,900,100.0,20,0.39543610466339757,1.8324494444481325,215
Random,0.6000000000000001,150,900,100.0,20,0.4788916104532406,1.846820537223946,143
Random,0.8,150,900,100.0,20,0.5649837691222115,1.803775092943018,56
Random,1.0,150,900,100.0,20,0.6608050134566367,1.490367603626826,6
Random,1.2000000000000002,150,900,100.0,20,0.749878288614633,1.1998462573510544,0
Random,1.4000000000000001,150,900,100.0,20,0.8525908324620678,1.399849206429194,0
