strat,max,num workers,num req,dur,seed,avg wt,max wt,num failed
HighestRedundancy,0.0,50,500,100.0,20,0.5511802074527206,1.8114037877049403,500
HighestRedundancy,0.2,50,500,100.0,20,0.5565417569643437,1.8029422419325747,352
HighestRedundancy,0.4,50,500,100.0,20,0.5825134648900754,1.7829297635690122,235
HighestRedundancy,0.6000000000000001,50,500,100.0,20,0.6208116994118017,1.739719040167536,162
HighestRedundancy,0.8,50,500,100.0,20,0.6843665565798966,1.575881912197085,84
HighestRedundancy,1.0,50,500,100.0,20,0.7632129264981733,1.5002924795186672,21
HighestRedundancy,1.2000000000000002,50,500,100.0,20,0.8748807183969822,1.1990288967273004,0
HighestRedundancy,1.4000000000000001,50,500,100.0,20,1.0310143438220363,1.3989559325984227,0
