strat,max,num workers,num req,dur,seed,avg wt,max wt,num failed
Random,0.0,200,900,100.0,20,0.20473335677583468,1.728219302485312,900
Random,0.2,200,900,100.0,20,0.23628315856179383,1.7139513314285644,238
Random,0.4,200,900,100.0,20,0.32584214826096297,1.7192549841350095,122
Random,0.6000000000000001,200,900,100.0,20,0.428085915384017,1.6938703756029176,63
Random,0.8,200,900,100.0,20,0.5221692988891626,1.5649554431961068,15
Random,1.0,200,900,100.0,20,0.6414496477669663,0.9996612271925074,0
Random,1.2000000000000002,200,900,100.0,20,0.7548968386477181,1.1993885783306844,0
Random,1.4000000000000001,200,900,100.0,20,0.8283909308067664,1.3992467477425905,0
