strat,max,num workers,num req,dur,seed,avg wt,max wt,num failed
HighestRedundancy,0.0,100,800,100.0,20,0.4349193386369257,2.0002477074811558,800
HighestRedundancy,0.2,100,800,100.0,20,0.4503471764263674,2.0002477074811558,432
HighestRedundancy,0.4,100,800,100.0,20,0.494487352134283,1.9677686317927985,280
HighestRedundancy,0.6000000000000001,100,800,100.0,20,0.5553115899972323,1.9301584670904026,183
HighestRedundancy,0.8,100,800,100.0,20,0.6431018516814442,1.7356579147437945,51
HighestRedundancy,1.0,100,800,100.0,20,0.7544407966344613,0.9996668781119383,0
HighestRedundancy,1.2000000000000002,100,800,100.0,20,0.8934667852290766,1.1998733986198151,0
HighestRedundancy,1.4000000000000001,100,800,100.0,20,1.0469689960275,1.3999507502943493,0
