strat,max,num workers,num req,dur,seed,avg wt,max wt,num failed
HighestRedundancy,0.0,200,800,100.0,20,0.19971299980990942,1.6613229568444132,800
HighestRedundancy,0.2,200,800,100.0,20,0.2342560281552358,1.6492111385411583,198
HighestRedundancy,0.4,200,800,100.0,20,0.33087975962073324,1.525360295661116,80
HighestRedundancy,0.6000000000000001,200,800,100.0,20,0.4441424913043489,0.5999356866909923,0
HighestRedundancy,0.8,200,800,100.0,20,0.6008783946122677,0.7999396077257674,0
HighestRedundancy,1.0,200,800,100.0,20,0.7616212074290946,0.9998713098388573,0
HighestRedundancy,1.2000000000000002,200,800,100.0,20,0.9111977573557672,1.1998808108300472,0
HighestRedundancy,1.4000000000000001,200,800,100.0,20,1.0449589621299586,1.399384477717137,0
