strat,max,num workers,num req,dur,seed,avg wt,max wt,num failed
Random,0.0,50,500,100.0,20,0.5511802074527206,1.8114037877049403,500
Random,0.2,50,500,100.0,20,0.5589415071296674,1.7615362737756723,352
Random,0.4,50,500,100.0,20,0.5891772868489737,1.7615362737756723,242
Random,0.6000000000000001,50,500,100.0,20,0.6379977530663873,1.8386884816961016,183
Random,0.8,50,500,100.0,20,0.7035502791714893,1.823243738191929,127
Random,1.0,50,500,100.0,20,0.7613026650210695,1.7252799197619986,69
Random,1.2000000000000002,50,500,100.0,20,0.8324007596854254,1.5870382326583556,22
Random,1.4000000000000001,50,500,100.0,20,0.90478248321825,1.3976288739106881,0
