strat,max,num workers,num req,dur,seed,avg wt,max wt,num failed
HighestRedundancy,0.0,150,600,100.0,20,0.2190488845306537,1.4243890184046386,600
HighestRedundancy,0.2,150,600,100.0,20,0.2416903973612186,1.4243890184046386,164
HighestRedundancy,0.4,150,600,100.0,20,0.3283842420399144,1.2723217788844456,64
HighestRedundancy,0.6000000000000001,150,600,100.0,20,0.4530111611929441,0.9083966465856191,6
HighestRedundancy,0.8,150,600,100.0,20,0.6075233052751519,0.7997798952198589,0
HighestRedundancy,1.0,150,600,100.0,20,0.7528759026099963,0.9997995881490607,0
HighestRedundancy,1.2000000000000002,150,600,100.0,20,0.8791351515719903,1.1997435803637861,0
HighestRedundancy,1.4000000000000001,150,600,100.0,20,1.0196461288280154,1.399806576860343,0
