strat,max,num workers,num req,dur,seed,avg wt,max wt,num failed
Random,0.0,200,700,100.0,20,0.1880422096790437,1.567365637349623,700
Random,0.2,200,700,100.0,20,0.2178192492882764,1.558305313296482,171
Random,0.4,200,700,100.0,20,0.3161359626589031,1.5922680787392713,76
Random,0.6000000000000001,200,700,100.0,20,0.39982688439459385,1.4448807748871488,28
Random,0.8,200,700,100.0,20,0.5055158468923573,1.2512293317370533,5
Random,1.0,200,700,100.0,20,0.6155825439718685,0.9988431951210089,0
Random,1.2000000000000002,200,700,100.0,20,0.7317442564840857,1.1997791369350137,0
Random,1.4000000000000001,200,700,100.0,20,0.8177013317297781,1.3967392562731746,0
