strat,max,num workers,num req,dur,seed,avg wt,max wt,num failed
HighestRedundancy,0.0,150,300,100.0,20,0.15259137724239294,0.8393495927528556,300
HighestRedundancy,0.2,150,300,100.0,20,0.18497952560396697,0.8574367982309298,54
HighestRedundancy,0.4,150,300,100.0,20,0.2908341439378812,0.6379347130629244,4
HighestRedundancy,0.6000000000000001,150,300,100.0,20,0.4432759189253605,0.599900559297882,0
HighestRedundancy,0.8,150,300,100.0,20,0.6002741002470632,0.7997491443933928,0
HighestRedundancy,1.0,150,300,100.0,20,0.7365189060781077,0.9997914603899563,0
HighestRedundancy,1.2000000000000002,150,300,100.0,20,0.8747122837428373,1.1989317148638912,0
HighestRedundancy,1.4000000000000001,150,300,100.0,20,0.9692866899545948,1.3990676648404181,0
