strat,max,num workers,num req,dur,seed,avg wt,max wt,num failed
Random,0.0,100,800,100.0,20,0.4349193386369257,2.0002477074811558,800
Random,0.2,100,800,100.0,20,0.44764004943814145,1.990731918472958,440
Random,0.4,100,800,100.0,20,0.49488526005464173,2.0015493555411985,307
Random,0.6000000000000001,100,800,100.0,20,0.5726300687297463,1.9862327414194616,230
Random,0.8,100,800,100.0,20,0.6276177975413311,1.9057518282867378,125
Random,1.0,100,800,100.0,20,0.703071280932618,1.8291422382751015,59
Random,1.2000000000000002,100,800,100.0,20,0.7922578432581666,1.8139563733523338,8
Random,1.4000000000000001,100,800,100.0,20,0.8771760575095959,1.3998011884909773,0
