strat,max,num workers,num req,dur,seed,avg wt,max wt,num failed
HighestRedundancy,0.0,50,800,100.0,20,0.6561259704966851,2.248407895043177,800
HighestRedundancy,0.2,50,800,100.0,20,0.6631589513491067,2.2667791388906884,569
HighestRedundancy,0.4,50,800,100.0,20,0.6890757876841539,2.3598417633942064,433
HighestRedundancy,0.6000000000000001,50,800,100.0,20,0.7234045589841778,2.1775969051331123,346
HighestRedundancy,0.8,50,800,100.0,20,0.7816943846904162,2.1323190289838343,251
HighestRedundancy,1.0,50,800,100.0,20,0.8395508466239431,2.1529363019533867,142
HighestRedundancy,1.2000000000000002,50,800,100.0,20,0.9193729369591694,1.8138259901810654,32
HighestRedundancy,1.4000000000000001,50,800,100.0,20,1.0519148514452157,1.3999107231481265,0
