strat,max,num workers,num req,dur,seed,avg wt,max wt,num failed
HighestRedundancy,0.0,50,900,100.0,20,0.6501805639737046,2.2837351653064935,900
HighestRedundancy,0.2,50,900,100.0,20,0.662524767101023,2.2837351653064935,643
HighestRedundancy,0.4,50,900,100.0,20,0.6859735761371467,2.2837351653064935,478
HighestRedundancy,0.6000000000000001,50,900,100.0,20,0.7242895075858554,2.287504600753389,383
HighestRedundancy,0.8,50,900,100.0,20,0.7839743185373376,2.2894331838160005,280
HighestRedundancy,1.0,50,900,100.0,20,0.8323208206726779,2.1659002538013463,137
HighestRedundancy,1.2000000000000002,50,900,100.0,20,0.9087612174349997,1.7928469018486681,34
HighestRedundancy,1.4000000000000001,50,900,100.0,20,1.0496095295870063,1.39898416542347,0
