strat,max,num workers,num req,dur,seed,avg wt,max wt,num failed
Random,0.0,100,500,100.0,20,0.31225022957847,1.4473871176113084,500
Random,0.2,100,500,100.0,20,0.3300879092858196,1.4473871176113084,221
Random,0.4,100,500,100.0,20,0.3923349304243953,1.4057717384913966,124
Random,0.6000000000000001,100,500,100.0,20,0.4749891050610165,1.4037587181886555,73
Random,0.8,100,500,100.0,20,0.5609747538269563,1.3270580389022009,34
Random,1.0,100,500,100.0,20,0.6429858873167384,1.2336053329669439,6
Random,1.2000000000000002,100,500,100.0,20,0.7596821888688112,1.199378554495356,0
Random,1.4000000000000001,100,500,100.0,20,0.848463967705114,1.3993124546832696,0
