strat,max,num workers,num req,dur,seed,avg wt,max wt,num failed
HighestRedundancy,0.0,200,600,100.0,20,0.1593354641924849,1.2650868590399835,600
HighestRedundancy,0.2,200,600,100.0,20,0.19174306365852353,1.1622376531958225,100
HighestRedundancy,0.4,200,600,100.0,20,0.3035673054060859,0.9943010558147397,24
HighestRedundancy,0.6000000000000001,200,600,100.0,20,0.4499980623954793,0.5996960527020075,0
HighestRedundancy,0.8,200,600,100.0,20,0.6036984841470145,0.7998766779239808,0
HighestRedundancy,1.0,200,600,100.0,20,0.7426733019845952,0.9998563952017657,0
HighestRedundancy,1.2000000000000002,200,600,100.0,20,0.8765307414980275,1.1998590480792444,0
HighestRedundancy,1.4000000000000001,200,600,100.0,20,1.0210398741785678,1.3990230295953734,0
