strat,max,num workers,num req,dur,seed,avg wt,max wt,num failed
HighestRedundancy,0.0,200,1000,100.0,20,0.2183421162071887,1.728219302485312,1000
HighestRedundancy,0.2,200,1000,100.0,20,0.26084242892731857,1.7286638274310184,288
HighestRedundancy,0.4,200,1000,100.0,20,0.34553847139745064,1.715533532223771,129
HighestRedundancy,0.6000000000000001,200,1000,100.0,20,0.46618493956502466,1.2551084049741257,14
HighestRedundancy,0.8,200,1000,100.0,20,0.6176327454783155,0.7999396077257674,0
HighestRedundancy,1.0,200,1000,100.0,20,0.7694297395793851,0.9995495148574884,0
HighestRedundancy,1.2000000000000002,200,1000,100.0,20,0.9065118382980619,1.199219597044141,0
HighestRedundancy,1.4000000000000001,200,1000,100.0,20,1.076497830534346,1.399979370176369,0
