strat,max,num workers,num req,dur,seed,avg wt,max wt,num failed
HighestRedundancy,0.0,150,400,100.0,20,0.17786579720103984,1.104178598408846,400
HighestRedundancy,0.2,150,400,100.0,20,0.21182068630337106,1.0833072266007193,81
HighestRedundancy,0.4,150,400,100.0,20,0.3054115966589633,0.9943010558147397,27
HighestRedundancy,0.6000000000000001,150,400,100.0,20,0.44426102687746116,0.5996002956842026,0
HighestRedundancy,0.8,150,400,100.0,20,0.5819123559714702,0.7997380131067127,0
HighestRedundancy,1.0,150,400,100.0,20,0.7185102167587886,0.9996401826065601,0
HighestRedundancy,1.2000000000000002,150,400,100.0,20,0.8831806236281039,1.1994921453479004,0
HighestRedundancy,1.4000000000000001,150,400,100.0,20,0.9911968929953622,1.3983225117668499,0
