strat,max,num workers,num req,dur,seed,avg wt,max wt,num failed
HighestRedundancy,0.0,200,400,100.0,20,0.1273943885624523,0.8440720955907824,400
HighestRedundancy,0.2,200,400,100.0,20,0.17628173584959986,0.8633215801771277,45
HighestRedundancy,0.4,200,400,100.0,20,0.28573397441275394,0.5208462704867505,2
HighestRedundancy,0.6000000000000001,200,400,100.0,20,0.4410195269166751,0.599537508343221,0
HighestRedundancy,0.8,200,400,100.0,20,0.6016499070082917,0.7997380131067127,0
HighestRedundancy,1.0,200,400,100.0,20,0.7355576332838976,0.9992856121557905,0
HighestRedundancy,1.2000000000000002,200,400,100.0,20,0.8694510409011125,1.1997519966647925,0
HighestRedundancy,1.4000000000000001,200,400,100.0,20,0.9887665380512998,1.3990059269218527,0
