strat,max,num workers,num req,dur,seed,avg wt,max wt,num failed
HighestRedundancy,0.0,50,600,100.0,20,0.567693310190195,1.8534973223706666,600
HighestRedundancy,0.2,50,600,100.0,20,0.5655066205181424,1.8417983296872045,412
HighestRedundancy,0.4,50,600,100.0,20,0.5941045059302138,1.8190830726517022,275
HighestRedundancy,0.6000000000000001,50,600,100.0,20,0.6416083753594432,1.739719040167536,204
HighestRedundancy,0.8,50,600,100.0,20,0.7008838475928235,1.662525179856845,126
HighestRedundancy,1.0,50,600,100.0,20,0.7741482413746025,1.734757942129628,40
HighestRedundancy,1.2000000000000002,50,600,100.0,20,0.8871571566615795,1.1997435803637861,0
HighestRedundancy,1.4000000000000001,50,600,100.0,20,1.0119239612998223,1.3990146596345139,0
