strat,max,num workers,num req,dur,seed,avg wt,max wt,num failed
Random,0.0,50,400,100.0,20,0.4768844509305421,1.743567183289422,400
Random,0.2,50,400,100.0,20,0.48804064122352336,1.743567183289422,253
Random,0.4,50,400,100.0,20,0.5276740939811175,1.6547642372172169,168
Random,0.6000000000000001,50,400,100.0,20,0.5866913027317073,1.6111581244427546,122
Random,0.8,50,400,100.0,20,0.6482716478333009,1.6238522582251174,79
Random,1.0,50,400,100.0,20,0.7391317801636583,1.6389387784006981,44
Random,1.2000000000000002,50,400,100.0,20,0.783954973541856,1.5607699419005074,7
Random,1.4000000000000001,50,400,100.0,20,0.9114471402610111,1.3989559325984227,0
