strat,max,num workers,num req,dur,seed,avg wt,max wt,num failed
HighestRedundancy,0.0,150,100,100.0,20,0.09834998940332225,0.31865034855772945,100
HighestRedundancy,0.2,150,100,100.0,20,0.1480412135132215,0.3045506698197832,3
HighestRedundancy,0.4,150,100,100.0,20,0.29255466004317243,0.39952955962812675,0
HighestRedundancy,0.6000000000000001,150,100,100.0,20,0.43204057596055784,0.5964218652544121,0
HighestRedundancy,0.8,150,100,100.0,20,0.5490716733342702,0.7884645260548351,0
HighestRedundancy,1.0,150,100,100.0,20,0.6646794078046916,0.9959987960046761,0
HighestRedundancy,1.2000000000000002,150,100,100.0,20,0.8044734703318052,1.199319526903475,0
HighestRedundancy,1.4000000000000001,150,100,100.0,20,0.8697180406466117,1.3995413694786993,0
