strat,max,num workers,num req,dur,seed,avg wt,max wt,num failed
HighestRedundancy,0.0,200,300,100.0,20,0.11148785077262581,0.6379347130629244,300
HighestRedundancy,0.2,200,300,100.0,20,0.15867632746828902,0.649016026989276,29
HighestRedundancy,0.4,200,300,100.0,20,0.28287517406325535,0.3998470524839071,0
HighestRedundancy,0.6000000000000001,200,300,100.0,20,0.4488862832625669,0.5996002956842026,0
HighestRedundancy,0.8,200,300,100.0,20,0.5946077380804435,0.7996965903453145,0
HighestRedundancy,1.0,200,300,100.0,20,0.7469424510871009,0.9997914603899563,0
HighestRedundancy,1.2000000000000002,200,300,100.0,20,0.8600138646972028,1.1989317148638912,0
HighestRedundancy,1.4000000000000001,200,300,100.0,20,0.9901275481575909,1.399979370176369,0
