strat,max,num workers,num req,dur,seed,avg wt,max wt,num failed
Random,0.0,50,600,100.0,20,0.567693310190195,1.8534973223706666,600
Random,0.2,50,600,100.0,20,0.5744487749783465,1.8534973223706666,416
Random,0.4,50,600,100.0,20,0.5953603625434376,1.8386884816961016,290
Random,0.6000000000000001,50,600,100.0,20,0.6525228513666472,1.8475648839847016,219
Random,0.8,50,600,100.0,20,0.7016146956198214,1.8190830726517022,154
Random,1.0,50,600,100.0,20,0.762252862141119,1.7615362737756723,83
Random,1.2000000000000002,50,600,100.0,20,0.8378967416923692,1.7615362737756723,36
Random,1.4000000000000001,50,600,100.0,20,0.9140897389836099,1.6706053970066415,3
