strat,max,num workers,num req,dur,seed,avg wt,max wt,num failed
Random,0.0,200,500,100.0,20,0.14594192754575389,1.1362303977347548,500
Random,0.2,200,500,100.0,20,0.1880824410834479,1.0293312391887741,85
Random,0.4,200,500,100.0,20,0.28912951269917764,0.9252530829379538,35
Random,0.6000000000000001,200,500,100.0,20,0.3985573588810395,0.8312946710601228,5
Random,0.8,200,500,100.0,20,0.5068342820712435,0.7997798952198589,0
Random,1.0,200,500,100.0,20,0.6166086729650493,0.99994558178362,0
Random,1.2000000000000002,200,500,100.0,20,0.7247764985516812,1.1956031810616186,0
Random,1.4000000000000001,200,500,100.0,20,0.8303411413305319,1.3969102113806584,0
